frame_number,prep_ms,inference_ms,post_ms,tracking_ms,opflow_ms
1,32.8390,68.1091,33.6951,0.1096,1.9941
2,0.0000,0.0000,0.0000,0.0310,4.3151
3,0.0000,0.0000,0.0000,0.0343,4.4109
4,3.9976,45.8474,5.4111,0.1534,0.7181
5,0.0000,0.0000,0.0000,0.0326,4.3407
6,0.0000,0.0000,0.0000,0.0331,4.4757
7,3.4061,46.0165,5.0146,0.1351,0.7995
8,0.0000,0.0000,0.0000,0.0341,5.6249
9,0.0000,0.0000,0.0000,0.0341,6.0140
10,3.4500,46.2971,5.1534,0.1230,0.7396
11,0.0000,0.0000,0.0000,0.0356,6.1293
12,0.0000,0.0000,0.0000,0.0349,5.9355
13,3.6328,46.9210,5.3279,0.1381,0.7271
14,0.0000,0.0000,0.0000,0.0322,6.3820
15,0.0000,0.0000,0.0000,0.0341,6.4709
16,3.6389,46.7509,4.4062,0.1425,0.7678
17,0.0000,0.0000,0.0000,0.0332,6.9865
18,0.0000,0.0000,0.0000,0.0346,5.9455
19,3.5926,46.9185,4.1851,0.1386,0.6959
20,0.0000,0.0000,0.0000,0.0328,6.6372
21,0.0000,0.0000,0.0000,0.0351,6.3757
22,4.0072,46.3883,5.4509,0.1249,0.8256
23,0.0000,0.0000,0.0000,0.0334,6.6302
24,0.0000,0.0000,0.0000,0.0347,6.5128
25,4.1902,46.8007,4.4089,0.1475,0.8233
26,0.0000,0.0000,0.0000,0.0343,6.2990
27,0.0000,0.0000,0.0000,0.0322,6.2484
28,4.5172,47.0977,4.1029,0.1354,0.8195
29,0.0000,0.0000,0.0000,0.0359,7.5632
30,0.0000,0.0000,0.0000,0.0353,6.2427
31,4.0331,46.6449,4.1801,0.1434,0.8181
32,0.0000,0.0000,0.0000,0.0346,6.2567
33,0.0000,0.0000,0.0000,0.0339,6.2806
34,4.2302,46.9012,4.0190,0.1692,0.8019
35,0.0000,0.0000,0.0000,0.0351,6.6937
36,0.0000,0.0000,0.0000,0.0335,6.4449
37,4.0658,46.5775,4.2188,0.1807,0.8354
38,0.0000,0.0000,0.0000,0.0372,9.0785
39,0.0000,0.0000,0.0000,0.0311,5.0033
40,3.8925,45.9985,3.9726,0.1319,0.8299
41,0.0000,0.0000,0.0000,0.0327,6.4629
42,0.0000,0.0000,0.0000,0.0361,4.6871
43,4.0270,46.5767,4.0360,0.1500,0.9078
44,0.0000,0.0000,0.0000,0.0328,6.5993
45,0.0000,0.0000,0.0000,0.0315,6.0365
46,4.2457,46.7079,3.9897,0.1624,0.6676
47,0.0000,0.0000,0.0000,0.0294,5.5028
48,0.0000,0.0000,0.0000,0.0301,3.9315
49,5.5613,46.8955,3.7128,0.1263,0.5888
50,0.0000,0.0000,0.0000,0.0498,5.3174
51,0.0000,0.0000,0.0000,0.0291,3.9681
52,4.2518,47.0180,4.1567,0.1451,0.6196
53,0.0000,0.0000,0.0000,0.0290,5.5749
54,0.0000,0.0000,0.0000,0.0295,4.1386
55,4.3297,46.9827,4.0402,0.1500,0.6488
56,0.0000,0.0000,0.0000,0.0286,5.5308
57,0.0000,0.0000,0.0000,0.0293,3.8070
58,4.3615,47.0761,4.1082,0.1486,0.4484
59,0.0000,0.0000,0.0000,0.0291,3.5492
60,0.0000,0.0000,0.0000,0.0287,3.7905
61,4.2903,47.5861,3.9909,0.1305,0.4545
62,0.0000,0.0000,0.0000,0.0289,3.4082
63,0.0000,0.0000,0.0000,0.0308,4.4941
64,4.2821,46.9337,4.1088,0.1391,0.4619
65,0.0000,0.0000,0.0000,0.0291,3.5954
66,0.0000,0.0000,0.0000,0.0295,3.7100
67,4.2768,47.5461,3.9977,0.1343,0.4229
68,0.0000,0.0000,0.0000,0.0295,4.0500
69,0.0000,0.0000,0.0000,0.0302,3.9151
70,4.4620,47.6195,4.2341,0.1407,0.4479
71,0.0000,0.0000,0.0000,0.0302,3.9921
72,0.0000,0.0000,0.0000,0.0317,3.8586
73,4.2441,47.2889,3.8404,0.1285,0.4369
74,0.0000,0.0000,0.0000,0.0281,3.7500
75,0.0000,0.0000,0.0000,0.0289,3.7267
76,4.5267,47.3919,4.1532,0.1360,0.4427
77,0.0000,0.0000,0.0000,0.0303,3.6108
78,0.0000,0.0000,0.0000,0.0293,3.6974
79,3.8190,46.7536,4.1543,0.1442,0.4299
80,0.0000,0.0000,0.0000,0.0302,3.7763
81,0.0000,0.0000,0.0000,0.0297,4.2603
82,9.7637,48.4739,4.0912,0.1429,0.5702
83,0.0000,0.0000,0.0000,0.0318,4.7611
84,0.0000,0.0000,0.0000,0.0339,5.0107
85,4.4647,47.7304,4.1408,0.1495,0.5520
86,0.0000,0.0000,0.0000,0.0332,4.8808
87,0.0000,0.0000,0.0000,0.0343,5.1360
88,4.1471,47.3405,4.1868,0.1430,0.4822
89,0.0000,0.0000,0.0000,0.0324,4.9241
90,0.0000,0.0000,0.0000,0.0352,5.2664
91,4.0669,47.1855,10.4172,0.1453,0.5159
92,0.0000,0.0000,0.0000,0.0337,4.9290
93,0.0000,0.0000,0.0000,0.0356,5.3625
94,4.5632,49.3339,4.1620,0.1415,0.5143
95,0.0000,0.0000,0.0000,0.0336,5.0487
96,0.0000,0.0000,0.0000,0.0341,5.0284
97,4.5621,47.4936,3.7403,0.1329,0.5114
98,0.0000,0.0000,0.0000,0.0323,5.0494
99,0.0000,0.0000,0.0000,0.0332,5.1519
100,4.0264,47.0068,4.2334,0.1357,0.5163
101,0.0000,0.0000,0.0000,0.0327,4.4202
102,0.0000,0.0000,0.0000,0.0318,5.1648
103,4.1582,46.2629,3.8479,0.1431,0.5231
104,0.0000,0.0000,0.0000,0.0344,5.0808
105,0.0000,0.0000,0.0000,0.0331,5.2762
106,4.0737,46.6827,4.1993,0.1325,0.5189
107,0.0000,0.0000,0.0000,0.0330,5.2141
108,0.0000,0.0000,0.0000,0.0326,5.7289
109,4.2072,46.7363,4.0424,0.1146,0.5359
110,0.0000,0.0000,0.0000,0.0335,5.9158
111,0.0000,0.0000,0.0000,0.0344,5.7028
112,4.3707,46.8827,4.1897,0.1336,0.5550
113,0.0000,0.0000,0.0000,0.0321,4.9952
114,0.0000,0.0000,0.0000,0.0323,4.8258
115,4.5782,46.2437,4.0037,0.1191,0.5263
116,0.0000,0.0000,0.0000,0.0334,5.0391
117,0.0000,0.0000,0.0000,0.0325,5.2843
118,4.2633,46.7143,4.0867,0.1208,0.5297
119,0.0000,0.0000,0.0000,0.0325,5.1437
120,0.0000,0.0000,0.0000,0.0336,5.2229
121,3.9624,46.5347,4.0675,0.1301,0.6011
122,0.0000,0.0000,0.0000,0.0321,4.9830
123,0.0000,0.0000,0.0000,0.0326,5.8265
124,4.5193,47.5905,4.0402,0.1322,0.6099
125,0.0000,0.0000,0.0000,0.0331,4.5788
126,0.0000,0.0000,0.0000,0.0340,5.1774
127,4.4562,47.3136,4.1250,0.1098,0.5667
128,0.0000,0.0000,0.0000,0.0324,4.5636
129,0.0000,0.0000,0.0000,0.0334,4.8572
130,4.6512,48.2712,3.9656,0.1233,0.5722
131,0.0000,0.0000,0.0000,0.0315,4.9317
132,0.0000,0.0000,0.0000,0.0334,4.9991
133,4.3653,46.9893,3.9238,0.0964,0.5730
134,0.0000,0.0000,0.0000,0.0313,4.3346
135,0.0000,0.0000,0.0000,0.0342,4.3309
136,4.7251,47.6759,4.1068,0.1206,0.5960
137,0.0000,0.0000,0.0000,0.0321,5.6448
138,0.0000,0.0000,0.0000,0.0354,4.7307
139,4.0377,46.7386,4.3235,0.1237,0.6169
140,0.0000,0.0000,0.0000,0.0321,5.8224
141,0.0000,0.0000,0.0000,0.0304,5.5495
142,4.3144,46.8789,4.2220,0.1293,0.6047
143,0.0000,0.0000,0.0000,0.0317,5.6333
144,0.0000,0.0000,0.0000,0.0324,5.4992
145,4.0234,46.9255,4.3818,0.1277,0.5756
146,0.0000,0.0000,0.0000,0.0324,4.9431
147,0.0000,0.0000,0.0000,0.0356,6.0451
148,4.2877,46.6363,4.2692,0.1428,0.6100
149,0.0000,0.0000,0.0000,0.0330,5.3899
150,0.0000,0.0000,0.0000,0.0335,5.2219
151,3.9436,46.8560,4.1212,0.1328,0.5865
152,0.0000,0.0000,0.0000,0.0326,4.9693
153,0.0000,0.0000,0.0000,0.0312,5.8391
154,4.9878,48.0136,4.0522,0.1768,0.5921
155,0.0000,0.0000,0.0000,0.0321,6.7275
156,0.0000,0.0000,0.0000,0.0326,5.2556
157,4.3904,46.8121,4.1114,0.1550,0.6473
158,0.0000,0.0000,0.0000,0.0328,5.1920
159,0.0000,0.0000,0.0000,0.0318,5.1676
160,3.9665,46.8117,4.0339,0.1240,0.6643
161,0.0000,0.0000,0.0000,0.0311,4.9419
162,0.0000,0.0000,0.0000,0.0321,6.1846
163,3.9860,46.5356,4.1707,0.1197,0.5875
164,0.0000,0.0000,0.0000,0.0321,5.2201
165,0.0000,0.0000,0.0000,0.0328,5.5992
166,4.3655,46.7749,4.0677,0.1526,0.6060
167,0.0000,0.0000,0.0000,0.0340,5.5540
168,0.0000,0.0000,0.0000,0.0344,5.2493
169,4.2959,46.5865,4.0696,0.1336,0.6374
170,0.0000,0.0000,0.0000,0.0329,5.3918
171,0.0000,0.0000,0.0000,0.0300,4.5701
172,4.0582,46.8828,4.1121,0.1434,0.6540
173,0.0000,0.0000,0.0000,0.0350,4.9196
174,0.0000,0.0000,0.0000,0.0313,5.0122
175,4.4077,46.8994,4.0249,0.1512,0.7717
176,0.0000,0.0000,0.0000,0.0346,6.4269
177,0.0000,0.0000,0.0000,0.0347,5.9358
178,5.0007,46.8347,4.1555,0.1182,0.7250
179,0.0000,0.0000,0.0000,0.0362,6.6262
180,0.0000,0.0000,0.0000,0.0352,6.4894
181,4.3754,46.6178,4.0786,0.1381,0.6966
182,0.0000,0.0000,0.0000,0.0349,6.5460
183,0.0000,0.0000,0.0000,0.0331,6.7353
184,3.9610,46.6086,4.0610,0.1398,0.6922
185,0.0000,0.0000,0.0000,0.0348,7.2581
186,0.0000,0.0000,0.0000,0.0365,5.8529
187,4.7306,47.6681,3.8113,0.1357,0.7233
188,0.0000,0.0000,0.0000,0.0349,6.4648
189,0.0000,0.0000,0.0000,0.0345,6.7309
190,4.3439,47.0070,4.0741,0.1394,0.7290
191,0.0000,0.0000,0.0000,0.0332,6.2024
192,0.0000,0.0000,0.0000,0.0337,6.3550
193,3.9123,46.5417,4.1389,0.1554,0.7626
194,0.0000,0.0000,0.0000,0.0342,5.8558
195,0.0000,0.0000,0.0000,0.0376,6.9581
196,4.2820,46.3842,4.0793,0.1356,0.8217
197,0.0000,0.0000,0.0000,0.0356,5.1637
198,0.0000,0.0000,0.0000,0.0347,5.3103
199,4.3762,46.1809,4.0383,0.1470,0.7995
200,0.0000,0.0000,0.0000,0.0340,6.2636
201,0.0000,0.0000,0.0000,0.0345,5.7228
202,4.1383,46.0664,4.1318,0.1578,0.8802
203,0.0000,0.0000,0.0000,0.0400,6.6778
204,0.0000,0.0000,0.0000,0.0402,7.0156
205,5.2366,49.5404,4.1735,0.1673,0.9716
206,0.0000,0.0000,0.0000,0.0399,8.2050
207,0.0000,0.0000,0.0000,0.0379,7.8613
208,4.3524,46.9670,4.0876,0.1530,0.9278
209,0.0000,0.0000,0.0000,0.0365,7.8018
210,0.0000,0.0000,0.0000,0.0383,7.8108
211,4.2950,46.6275,4.1212,0.1575,0.8565
212,0.0000,0.0000,0.0000,0.0378,7.6532
213,0.0000,0.0000,0.0000,0.0377,8.1598
214,4.7427,46.3903,3.9033,0.1809,0.8582
215,0.0000,0.0000,0.0000,0.0332,7.1277
216,0.0000,0.0000,0.0000,0.0339,6.4062
217,4.3290,46.6720,4.1208,0.1618,0.9257
218,0.0000,0.0000,0.0000,0.0345,6.9788
219,0.0000,0.0000,0.0000,0.0354,6.5055
220,4.2452,46.7429,4.0922,0.1359,0.8297
221,0.0000,0.0000,0.0000,0.0330,6.0464
222,0.0000,0.0000,0.0000,0.0351,6.2184
223,4.3687,46.6970,4.0795,0.1533,0.8255
224,0.0000,0.0000,0.0000,0.0330,6.5314
225,0.0000,0.0000,0.0000,0.0337,6.5498
226,4.2204,48.0503,4.0883,0.1549,0.9595
227,0.0000,0.0000,0.0000,0.0364,7.9233
228,0.0000,0.0000,0.0000,0.0375,7.4019
229,4.2528,46.5388,4.1010,0.1978,0.8995
230,0.0000,0.0000,0.0000,0.0354,7.9255
231,0.0000,0.0000,0.0000,0.0377,8.4012
232,4.2795,46.3984,4.2542,0.1876,0.9847
233,0.0000,0.0000,0.0000,0.0376,7.7801
234,0.0000,0.0000,0.0000,0.0372,7.3741
235,4.1236,46.1525,4.1206,0.1776,0.9087
236,0.0000,0.0000,0.0000,0.0378,8.3661
237,0.0000,0.0000,0.0000,0.0367,8.9966
238,4.2480,46.4505,4.1514,0.1892,0.8736
239,0.0000,0.0000,0.0000,0.0371,8.3007
240,0.0000,0.0000,0.0000,0.0374,8.4700
241,4.3573,46.3405,4.0797,0.1661,0.8112
242,0.0000,0.0000,0.0000,0.0352,6.5408
243,0.0000,0.0000,0.0000,0.0341,6.4211
244,4.4405,46.8222,4.0846,0.1631,0.8550
245,0.0000,0.0000,0.0000,0.0328,6.4235
246,0.0000,0.0000,0.0000,0.0347,6.8326
247,4.2370,46.6744,4.0834,0.1940,0.8712
248,0.0000,0.0000,0.0000,0.0345,6.0162
249,0.0000,0.0000,0.0000,0.0343,7.0627
250,4.5068,47.1605,4.2884,0.1571,1.0149
251,0.0000,0.0000,0.0000,0.0354,6.8523
252,0.0000,0.0000,0.0000,0.0337,6.3737
253,4.2059,47.6923,4.3598,0.1540,1.0314
254,0.0000,0.0000,0.0000,0.0364,6.1726
255,0.0000,0.0000,0.0000,0.0351,6.5768
256,4.4081,47.4878,4.1058,0.1801,0.9309
257,0.0000,0.0000,0.0000,0.0327,7.1343
258,0.0000,0.0000,0.0000,0.0349,6.4746
259,4.3196,46.7619,4.0622,0.1741,1.0165
260,0.0000,0.0000,0.0000,0.0399,9.4489
261,0.0000,0.0000,0.0000,0.0384,7.6238
262,4.1870,46.7078,4.1320,0.1932,1.0717
263,0.0000,0.0000,0.0000,0.0371,7.9167
264,0.0000,0.0000,0.0000,0.0386,7.6820
265,3.6425,46.0945,4.0118,0.1710,1.0488
266,0.0000,0.0000,0.0000,0.0391,8.3071
267,0.0000,0.0000,0.0000,0.0391,7.4093
268,4.0364,46.7417,4.3706,0.1751,1.1127
269,0.0000,0.0000,0.0000,0.0384,7.5459
270,0.0000,0.0000,0.0000,0.0399,8.9257
271,4.2362,46.2967,4.1331,0.2126,1.0238
272,0.0000,0.0000,0.0000,0.0376,7.9435
273,0.0000,0.0000,0.0000,0.0388,7.4726
274,3.7594,46.2565,4.0602,0.1776,1.0177
275,0.0000,0.0000,0.0000,0.0382,6.9771
276,0.0000,0.0000,0.0000,0.0406,7.3639
277,4.2921,46.6364,4.1578,0.1644,1.0648
278,0.0000,0.0000,0.0000,0.0386,7.5150
279,0.0000,0.0000,0.0000,0.0389,7.9098
280,4.3798,46.5502,4.1066,0.1920,1.0383
281,0.0000,0.0000,0.0000,0.0423,7.4349
282,0.0000,0.0000,0.0000,0.0407,7.2354
283,4.4670,47.2079,4.1527,0.1753,0.9610
284,0.0000,0.0000,0.0000,0.0336,6.3993
285,0.0000,0.0000,0.0000,0.0366,6.2536
286,4.2835,46.7750,4.1119,0.1714,0.9065
287,0.0000,0.0000,0.0000,0.0361,7.4706
288,0.0000,0.0000,0.0000,0.0335,6.1759
289,4.1574,46.1529,4.1472,0.1639,0.9871
290,0.0000,0.0000,0.0000,0.0358,7.2438
291,0.0000,0.0000,0.0000,0.0331,6.5509
292,4.1309,46.7535,4.0731,0.1706,0.9515
293,0.0000,0.0000,0.0000,0.0364,7.7998
294,0.0000,0.0000,0.0000,0.0368,7.6062
295,3.7832,47.3202,4.0418,0.1660,0.9200
296,0.0000,0.0000,0.0000,0.0374,7.8945
297,0.0000,0.0000,0.0000,0.0379,8.9038
298,4.4370,46.7096,4.0048,0.1692,0.9238
299,0.0000,0.0000,0.0000,0.0376,8.8280
300,0.0000,0.0000,0.0000,0.0376,9.1217
301,4.2496,45.9176,4.2037,0.1841,0.9869
302,0.0000,0.0000,0.0000,0.0374,8.3592
303,0.0000,0.0000,0.0000,0.0380,8.4770
304,4.4113,46.4640,4.1396,0.1638,0.9782
305,0.0000,0.0000,0.0000,0.0380,7.5512
306,0.0000,0.0000,0.0000,0.0385,9.0555
307,4.0865,47.4161,3.8199,0.1827,1.0174
308,0.0000,0.0000,0.0000,0.0383,7.3278
309,0.0000,0.0000,0.0000,0.0356,6.8645
310,4.3094,46.6986,4.1470,0.1913,1.0473
311,0.0000,0.0000,0.0000,0.0373,8.1458
312,0.0000,0.0000,0.0000,0.0371,7.5499
313,4.2682,46.5642,3.9923,0.1866,1.2235
314,0.0000,0.0000,0.0000,0.0392,10.0817
315,0.0000,0.0000,0.0000,0.0387,8.5439
316,4.2619,46.6388,4.1615,0.1692,1.1486
317,0.0000,0.0000,0.0000,0.0375,9.0814
318,0.0000,0.0000,0.0000,0.0388,7.7542
319,4.1140,46.8345,3.9952,0.1597,1.0451
320,0.0000,0.0000,0.0000,0.0374,9.1583
321,0.0000,0.0000,0.0000,0.0389,7.6245
322,4.2609,46.6179,4.1561,0.1803,1.1829
323,0.0000,0.0000,0.0000,0.0391,9.1011
324,0.0000,0.0000,0.0000,0.0383,7.6182
325,4.3206,47.4827,3.7615,0.1912,1.1205
326,0.0000,0.0000,0.0000,0.0370,8.5143
327,0.0000,0.0000,0.0000,0.0381,7.7030
328,4.2654,46.2883,4.1823,0.2214,1.1873
329,0.0000,0.0000,0.0000,0.0380,9.0613
330,0.0000,0.0000,0.0000,0.0392,7.9140
331,4.4279,46.7956,4.0384,0.2333,1.0614
332,0.0000,0.0000,0.0000,0.0344,8.0736
333,0.0000,0.0000,0.0000,0.0332,6.2276
334,4.5426,46.2378,4.1708,0.2145,1.0573
335,0.0000,0.0000,0.0000,0.0332,5.5474
336,0.0000,0.0000,0.0000,0.0583,5.2827
337,4.5431,47.6392,3.7673,0.2018,0.9461
338,0.0000,0.0000,0.0000,0.0330,6.3912
339,0.0000,0.0000,0.0000,0.0333,5.0957
340,4.3834,46.9829,4.1507,0.2556,0.9770
341,0.0000,0.0000,0.0000,0.0342,6.5364
342,0.0000,0.0000,0.0000,0.0365,6.2291
343,5.0988,48.1932,4.2822,0.1767,0.9948
344,0.0000,0.0000,0.0000,0.0349,6.3153
345,0.0000,0.0000,0.0000,0.0345,6.5306
346,4.3068,46.7670,4.1877,0.1894,0.9697
347,0.0000,0.0000,0.0000,0.0336,6.9642
348,0.0000,0.0000,0.0000,0.0335,6.4974
349,4.3381,46.4635,3.7240,0.2316,0.9681
350,0.0000,0.0000,0.0000,0.0346,7.1832
351,0.0000,0.0000,0.0000,0.0334,6.2734
352,4.3373,46.7716,4.1330,0.1862,0.9777
353,0.0000,0.0000,0.0000,0.0335,7.2109
354,0.0000,0.0000,0.0000,0.0353,6.4565
355,4.3474,46.8303,4.0706,0.1912,1.0281
356,0.0000,0.0000,0.0000,0.0356,8.5098
357,0.0000,0.0000,0.0000,0.0380,7.6407
358,4.2806,46.4932,4.1709,0.2100,1.1272
359,0.0000,0.0000,0.0000,0.0391,8.7801
360,0.0000,0.0000,0.0000,0.0378,8.9901
361,4.3199,46.3228,3.6924,0.2006,1.0304
362,0.0000,0.0000,0.0000,0.0389,7.6214
363,0.0000,0.0000,0.0000,0.0389,8.0075
364,4.2072,46.4189,4.1666,0.1921,1.0369
365,0.0000,0.0000,0.0000,0.0401,8.2410
366,0.0000,0.0000,0.0000,0.0373,7.4817
367,4.2048,46.1493,3.7424,0.1711,1.0170
368,0.0000,0.0000,0.0000,0.0378,7.9891
369,0.0000,0.0000,0.0000,0.0385,7.6130
370,4.1493,46.2411,4.1602,0.1914,1.1126
371,0.0000,0.0000,0.0000,0.0390,7.6371
372,0.0000,0.0000,0.0000,0.0378,7.3908
373,4.3965,46.1827,4.0495,0.1715,1.0402
374,0.0000,0.0000,0.0000,0.0369,7.5913
375,0.0000,0.0000,0.0000,0.0532,8.3235
376,4.1105,46.1964,4.1822,0.1667,1.0798
377,0.0000,0.0000,0.0000,0.0394,7.8253
378,0.0000,0.0000,0.0000,0.0402,7.1643
379,4.3410,47.7362,4.1988,0.1885,1.1143
380,0.0000,0.0000,0.0000,0.0412,8.9287
381,0.0000,0.0000,0.0000,0.0857,8.9733
382,4.2798,46.5540,4.1296,0.1811,1.1389
383,0.0000,0.0000,0.0000,0.0408,9.3050
384,0.0000,0.0000,0.0000,0.0398,10.1641
385,4.1651,46.3653,4.1414,0.1743,1.2212
386,0.0000,0.0000,0.0000,0.0385,9.0584
387,0.0000,0.0000,0.0000,0.0406,9.2771
388,4.1342,46.7994,4.1604,0.1794,1.1318
389,0.0000,0.0000,0.0000,0.0389,10.1490
390,0.0000,0.0000,0.0000,0.0393,8.3778
391,4.1711,46.4418,4.1518,0.2006,1.1277
392,0.0000,0.0000,0.0000,0.0413,9.0791
393,0.0000,0.0000,0.0000,0.0404,9.0499
394,4.1669,46.6198,4.1474,0.1731,1.0791
395,0.0000,0.0000,0.0000,0.0407,8.3793
396,0.0000,0.0000,0.0000,0.0410,9.4508
397,4.4898,47.0486,4.2013,0.1661,1.0968
398,0.0000,0.0000,0.0000,0.0406,9.0945
399,0.0000,0.0000,0.0000,0.0390,9.3572
400,4.2554,46.5364,4.1729,0.1889,1.1580
401,0.0000,0.0000,0.0000,0.0385,10.2966
402,0.0000,0.0000,0.0000,0.0418,9.8322
403,4.1401,46.3089,4.1980,0.1946,1.1602
404,0.0000,0.0000,0.0000,0.0394,10.3719
405,0.0000,0.0000,0.0000,0.0398,11.1652
406,4.1700,46.3305,4.3471,0.1959,1.1067
407,0.0000,0.0000,0.0000,0.0428,10.9128
408,0.0000,0.0000,0.0000,0.0400,9.6098
409,4.1418,46.1998,4.1781,0.1689,1.1018
410,0.0000,0.0000,0.0000,0.0416,9.9148
411,0.0000,0.0000,0.0000,0.0402,10.4937
412,4.1709,46.3363,4.1609,0.1860,1.0971
413,0.0000,0.0000,0.0000,0.0404,12.3754
414,0.0000,0.0000,0.0000,0.0417,11.1910
415,4.6478,46.1681,4.2380,0.1573,1.0675
416,0.0000,0.0000,0.0000,0.0400,14.5092
417,0.0000,0.0000,0.0000,0.0445,10.9441
418,5.0413,49.3685,4.1377,0.2398,1.1877
419,0.0000,0.0000,0.0000,0.0437,10.1784
420,0.0000,0.0000,0.0000,0.0432,9.9958
421,4.2865,46.6300,4.1308,0.1869,1.0936
422,0.0000,0.0000,0.0000,0.0411,9.8766
423,0.0000,0.0000,0.0000,0.0415,9.3177
424,4.1473,46.0997,4.1166,0.1740,1.0965
425,0.0000,0.0000,0.0000,0.0405,10.6074
426,0.0000,0.0000,0.0000,0.0408,10.1679
427,4.2062,46.3077,4.0994,0.1680,1.0894
428,0.0000,0.0000,0.0000,0.0408,11.0160
429,0.0000,0.0000,0.0000,0.0412,9.2722
430,4.1654,46.1205,4.1372,0.1827,1.0905
431,0.0000,0.0000,0.0000,0.0408,10.1690
432,0.0000,0.0000,0.0000,0.0422,10.4865
433,4.1841,46.1379,4.3589,0.1926,0.8855
434,0.0000,0.0000,0.0000,0.0533,11.2469
435,0.0000,0.0000,0.0000,0.0410,11.5454
436,4.1294,46.2076,4.0904,0.1908,0.7862
437,0.0000,0.0000,0.0000,0.0393,8.1740
438,0.0000,0.0000,0.0000,0.0373,7.9983
439,4.1877,46.3487,4.0874,0.1619,0.8200
440,0.0000,0.0000,0.0000,0.0375,8.3093
441,0.0000,0.0000,0.0000,0.0376,8.3975
442,4.9106,46.2536,4.1759,0.2288,0.5761
443,0.0000,0.0000,0.0000,0.0352,6.6438
444,0.0000,0.0000,0.0000,0.0331,6.3534
445,4.4882,47.5205,4.0711,0.1887,0.7512
446,0.0000,0.0000,0.0000,0.0393,7.8465
447,0.0000,0.0000,0.0000,0.0381,7.5307
448,4.2830,46.3420,4.1475,0.1996,1.1375
449,0.0000,0.0000,0.0000,0.0420,10.1507
450,0.0000,0.0000,0.0000,0.0414,10.0726
451,4.1817,46.2139,4.1136,0.2175,1.0934
452,0.0000,0.0000,0.0000,0.0385,7.6925
453,0.0000,0.0000,0.0000,0.0373,8.0800
454,4.1670,45.9434,4.1838,0.2179,0.7935
455,0.0000,0.0000,0.0000,0.0345,6.9150
456,0.0000,0.0000,0.0000,0.0334,6.9996
457,4.1379,46.1241,4.1357,0.1990,0.7302
458,0.0000,0.0000,0.0000,0.0321,5.3283
459,0.0000,0.0000,0.0000,0.0332,5.6506
460,4.3085,47.2598,4.3023,0.2079,0.9728
461,0.0000,0.0000,0.0000,0.0384,9.5530
462,0.0000,0.0000,0.0000,0.0393,8.4074
463,4.1055,46.1736,4.1648,0.1893,1.3590
464,0.0000,0.0000,0.0000,0.0405,10.3508
465,0.0000,0.0000,0.0000,0.0409,9.9948
466,4.1546,46.3585,4.0834,0.2558,1.3088
467,0.0000,0.0000,0.0000,0.0381,9.0006
468,0.0000,0.0000,0.0000,0.0382,7.8024
469,4.7381,46.2131,4.1442,0.1891,1.4115
470,0.0000,0.0000,0.0000,0.0392,8.9538
471,0.0000,0.0000,0.0000,0.0392,7.7136
472,4.2888,46.5931,4.1102,0.1945,1.3557
473,0.0000,0.0000,0.0000,0.0402,9.2156
474,0.0000,0.0000,0.0000,0.0388,7.8389
475,4.1250,46.2978,4.1749,0.2354,1.3681
476,0.0000,0.0000,0.0000,0.0384,8.5985
477,0.0000,0.0000,0.0000,0.0391,8.0562
478,4.4906,47.1620,4.2008,0.2203,1.3717
479,0.0000,0.0000,0.0000,0.0382,10.2287
480,0.0000,0.0000,0.0000,0.0376,7.9029
481,4.2509,46.5097,4.2234,0.2159,1.3601
482,0.0000,0.0000,0.0000,0.0393,11.0432
483,0.0000,0.0000,0.0000,0.0394,8.3132
484,4.1377,46.1468,4.2295,0.2229,1.4898
485,0.0000,0.0000,0.0000,0.0389,10.7696
486,0.0000,0.0000,0.0000,0.0378,9.0737
487,4.1773,46.2474,4.3121,0.2117,1.4513
488,0.0000,0.0000,0.0000,0.0406,11.0223
489,0.0000,0.0000,0.0000,0.0393,9.0635
490,4.1207,46.1958,4.2065,0.2249,1.3756
491,0.0000,0.0000,0.0000,0.0381,10.4527
492,0.0000,0.0000,0.0000,0.0378,8.7237
493,4.3699,46.9596,4.2194,0.1923,1.4447
494,0.0000,0.0000,0.0000,0.0374,9.1687
495,0.0000,0.0000,0.0000,0.0374,7.9032
496,4.7901,46.3210,4.2642,0.1868,1.4513
497,0.0000,0.0000,0.0000,0.0408,8.8236
498,0.0000,0.0000,0.0000,0.0406,9.0358
499,4.1485,46.1681,4.1851,0.2060,1.4409
500,0.0000,0.0000,0.0000,0.0592,10.9964
501,0.0000,0.0000,0.0000,0.0362,8.1521
502,4.2524,46.9710,4.1766,0.2044,1.4728
503,0.0000,0.0000,0.0000,0.0397,9.4924
504,0.0000,0.0000,0.0000,0.0431,9.7762
505,4.4581,46.5255,4.1795,0.2071,1.2941
506,0.0000,0.0000,0.0000,0.0415,10.2670
507,0.0000,0.0000,0.0000,0.0394,9.0123
508,4.2254,45.9948,4.1646,0.2165,1.2480
509,0.0000,0.0000,0.0000,0.0393,10.6906
510,0.0000,0.0000,0.0000,0.0382,9.8848
511,4.3196,46.2693,4.2118,0.2134,1.3454
512,0.0000,0.0000,0.0000,0.0385,10.6045
513,0.0000,0.0000,0.0000,0.0387,7.4247
514,4.3428,46.5233,4.3291,0.1978,1.4508
515,0.0000,0.0000,0.0000,0.0395,11.6708
516,0.0000,0.0000,0.0000,0.0391,8.3405
517,4.1743,46.1378,4.2484,0.2077,1.4170
518,0.0000,0.0000,0.0000,0.0376,12.3223
519,0.0000,0.0000,0.0000,0.0417,8.1061
520,4.1200,46.1382,4.1836,0.2236,1.3626
521,0.0000,0.0000,0.0000,0.0403,11.1545
522,0.0000,0.0000,0.0000,0.0376,7.4432
523,4.2806,46.0240,4.1694,0.2346,1.0407
524,0.0000,0.0000,0.0000,0.0370,9.7853
525,0.0000,0.0000,0.0000,0.0320,7.2857
526,4.3243,46.2286,4.1593,0.2026,1.1158
527,0.0000,0.0000,0.0000,0.0399,10.4415
528,0.0000,0.0000,0.0000,0.0382,8.6284
529,4.1725,46.3832,4.1276,0.2041,1.1292
530,0.0000,0.0000,0.0000,0.0399,10.8182
531,0.0000,0.0000,0.0000,0.0404,9.7802
532,4.3749,46.4948,4.1845,0.1964,1.1376
533,0.0000,0.0000,0.0000,0.0397,9.7632
534,0.0000,0.0000,0.0000,0.0399,8.6834
535,4.3192,46.5222,4.1765,0.2373,1.0914
536,0.0000,0.0000,0.0000,0.0390,10.1058
537,0.0000,0.0000,0.0000,0.0425,9.2743
538,4.1712,46.2652,4.1227,0.2267,1.1164
539,0.0000,0.0000,0.0000,0.0404,9.1506
540,0.0000,0.0000,0.0000,0.0387,10.1217
541,4.1490,46.0414,4.2507,0.2338,1.1854
542,0.0000,0.0000,0.0000,0.0420,12.3529
543,0.0000,0.0000,0.0000,0.0392,9.6622
544,4.1529,46.5705,4.1517,0.2183,1.2309
545,0.0000,0.0000,0.0000,0.0426,11.4520
546,0.0000,0.0000,0.0000,0.0391,10.5676
547,4.1397,46.1266,4.2166,0.2531,1.3021
548,0.0000,0.0000,0.0000,0.0416,13.1514
549,0.0000,0.0000,0.0000,0.0383,10.3747
550,4.3789,46.3998,4.1321,0.2402,1.0520
551,0.0000,0.0000,0.0000,0.0389,8.7254
552,0.0000,0.0000,0.0000,0.0396,8.7780
553,4.2911,46.4444,4.0860,0.2418,1.1288
554,0.0000,0.0000,0.0000,0.0385,8.6327
555,0.0000,0.0000,0.0000,0.0380,8.1431
556,4.3969,46.8937,4.1077,0.2130,1.2670
557,0.0000,0.0000,0.0000,0.0394,8.9498
558,0.0000,0.0000,0.0000,0.0527,9.4883
559,4.2878,46.4227,4.1745,0.2174,1.4363
560,0.0000,0.0000,0.0000,0.0356,9.1454
561,0.0000,0.0000,0.0000,0.0318,7.2356
562,4.1384,46.1383,4.0737,0.2051,0.9929
563,0.0000,0.0000,0.0000,0.0406,7.6423
564,0.0000,0.0000,0.0000,0.0377,7.0325
565,4.3443,46.7190,4.1351,0.2166,1.1676
566,0.0000,0.0000,0.0000,0.0381,9.1812
567,0.0000,0.0000,0.0000,0.0382,7.6476
568,4.2800,46.6036,4.2144,0.2129,1.1611
569,0.0000,0.0000,0.0000,0.0421,9.6412
570,0.0000,0.0000,0.0000,0.0368,7.2543
571,4.2419,46.2274,4.0915,0.2107,0.9744
572,0.0000,0.0000,0.0000,0.0359,7.4812
573,0.0000,0.0000,0.0000,0.0365,8.1268
574,4.3502,46.5656,4.1256,0.1834,0.9838
575,0.0000,0.0000,0.0000,0.0321,7.7058
576,0.0000,0.0000,0.0000,0.0336,6.3817
577,4.2773,46.0971,4.0983,0.1886,0.9955
578,0.0000,0.0000,0.0000,0.0321,6.7830
579,0.0000,0.0000,0.0000,0.0328,5.1452
580,4.3105,46.6875,4.0873,0.1878,1.0004
581,0.0000,0.0000,0.0000,0.0315,6.5413
582,0.0000,0.0000,0.0000,0.0303,4.9517
583,4.2795,46.7006,4.0627,0.2872,0.9501
584,0.0000,0.0000,0.0000,0.0322,6.0047
585,0.0000,0.0000,0.0000,0.0351,5.8535
586,4.2322,46.3743,4.1307,0.1729,1.0080
587,0.0000,0.0000,0.0000,0.0336,7.3561
588,0.0000,0.0000,0.0000,0.0339,5.4736
589,4.3427,46.8931,4.1625,0.1729,0.9254
590,0.0000,0.0000,0.0000,0.0310,6.4948
591,0.0000,0.0000,0.0000,0.0337,5.0569
592,4.6747,47.9265,4.1877,0.1708,0.8347
593,0.0000,0.0000,0.0000,0.0327,6.9079
594,0.0000,0.0000,0.0000,0.0332,5.1444
595,4.1456,46.5244,4.3143,0.1976,0.5668
596,0.0000,0.0000,0.0000,0.0327,4.8679
597,0.0000,0.0000,0.0000,0.0348,5.3962
598,4.3671,47.3226,4.1177,0.2017,0.5214
599,0.0000,0.0000,0.0000,0.0326,5.2708
600,0.0000,0.0000,0.0000,0.0354,5.5965
